,l_m_without_outliers,NormalizedGoogleDif2,Bias2,const
Abfallbeauftragter,26.1261261261,0.296424452134,0,1
Abt,62.5711035267,0.986317527719,0,1
Account-Manager,43.2484932485,0.995389441064,0,1
Altenpflegehelfer,85.0894719246,0.420560747664,0,1
Altenpfleger,85.0894719246,0.475515463918,0,1
Amtsanwalt,93.3804860355,0.408966148216,0,1
Animateur,67.550274223,0.991900338953,0,1
Anlagenelektriker,3.41477678862,0.809034907598,0,1
Anlagenmechaniker,3.29425467804,0.954667863555,0,1
Anwendungsprogrammierer,13.505193109,0.848124428179,0,1
Arbeitserzieher,68.3097468018,0.77565849228,0,1
Arbeitsvermittler,66.3964145433,0.645133505599,0,1
Architekt,46.4820056611,0.880341880342,0,1
Archivar,67.26062468,0.955154057106,0,1
Arrangeur,31.8181818182,0.9825708061,0,1
Artist (Darsteller),41.5165165165,0.998673923301,0,1
Arzt,90.9643696925,0.758909853249,0,1
Asphaltbauer,0.983744394619,0.813796430294,0,1
Assistenzarzt,63.8102442187,0.47355163728,0,1
Astronom,13.6886395512,0.971198909308,0,1
Astrophysiker,13.6886395512,0.824981301421,0,1
Aufbereitungsmechaniker,4.23446184942,0.776173285199,0,1
Aufzugsmonteur,4.12407074143,0.967694566814,0,1
Augenoptiker,76.7466540888,0.954359274429,0,1
Ausbaufacharbeiter,0.557103064067,0.913805697589,0,1
Ausbilder,33.7182984156,0.792850595784,0,1
Ausbildungsberater,66.3964145433,0.732522796353,0,1
Automateneinrichter,4.12407074143,0.876606683805,0,1
Automatenfachmann,31.1041666667,0.81365221724,0,1
Automobil-Mechatroniker,3.97341840672,0.968549796156,0,1
Automobilkaufmann,21.0800227373,0.348348348348,0,1
Ballettmeister,53.1545741325,0.525206232814,0,1
Ballettrepetitor,35.5086372361,0.88623853211,0,1
Bankkaufmann,59.7982510844,0.505131128848,0,1
Bauchredner,30.9090909091,0.959588921791,0,1
Baugeräteführer,0.2800140007,0.884103531384,0,1
Baumeister,22.5084770306,0.988150098749,0,1
Baustoffprüfer,23.0246602919,0.789598108747,0,1
Bautechniker,22.5084770306,0.898734177215,0,1
Bauwerksabdichter,0.942760942761,0.887179487179,0,1
Bauwerksmechaniker für Abbruch und Betontrenntechnik,1.2849391531,0.43661971831,0,1
Bauzeichner,55.2902652383,0.791044776119,0,1
Beleghebamme,99.8431372549,-0.993448107618,1,1
Beleuchter,12.5905136121,0.903801298619,0,1
Beleuchtungsmeister,19.2571659265,0.912126537786,0,1
Berechnungsingenieur,12.2531548471,0.956908479937,0,1
Berg- und Maschinenmann,7.26492128967,0.933415536375,0,1
Bergbautechnologe,7.26492128967,0.659278024066,0,1
Berufskraftfahrer,1.7043032114,0.950682738959,0,1
Beschließerin,93.6919095072,-0.320905459387,1,1
Bestatter,26.2594161959,0.933344573709,0,1
Beton- und Stahlbetonbauer,0.723795907426,0.928100510014,0,1
Betonfertigteilbauer,1.71388101983,0.934168365861,0,1
Betonstahlbieger und -flechter,0.723795907426,1.0,0,1
Betriebsführer,25.9924816691,0.800590691516,0,1
Betriebsinformatiker,25.5314765985,0.820971867008,0,1
Betriebsingenieur,15.718731148,0.963275204989,0,1
Betriebssanitäter,21.3708058503,0.958077709611,0,1
Betriebswirt,44.2377678932,0.59266802444,0,1
Bewährungshelfer,74.9556154125,0.229357798165,0,1
Bezirksamtsleiter,21.2482255121,0.71144278607,0,1
Bibliothekar,81.5969741542,0.483021483021,0,1
Biersieder,3.84404173531,0.965635738832,0,1
Bildredakteur,50.5608415413,0.192743764172,0,1
Biologe,64.447695684,0.230610134436,0,1
Biologielaborant,73.2942168505,0.554677206851,0,1
Biologiemodellmacher,10.0019805902,0.803499327052,0,1
Biologisch-technischer Assistent,73.2942168505,0.20824742268,0,1
Bodenleger,0.557103064067,0.984723642269,0,1
Bohrwerkdreher,2.73770282356,0.933701657459,0,1
Bootsbauer,1.21315420092,0.951672862454,0,1
Bootsführer,5.69221386461,0.969955428383,0,1
Bootsmann,3.8146208153,0.964876773554,0,1
Brauer und Mälzer,3.84404173531,0.826983792886,0,1
Braumeister,4.35766836446,0.97635759143,0,1
Brunnenbauer,0.531914893617,0.974795374821,0,1
Brückenwärter,7.47126436782,0.94624652456,0,1
Buchbinder,36.6999465145,0.955292501189,0,1
Buchhalter,79.0444149597,0.740273396425,0,1
Buchhändler,83.0677624958,0.759098786828,0,1
Butler,93.6919095072,0.999683383464,0,1
Bäcker,29.4110759864,0.957005189029,0,1
Büchsenmacher,3.10172465159,0.980453227365,0,1
Büchsenmeister,2.87769784173,0.992090954029,0,1
Bühnenmaler,70.9736680955,0.667645331767,0,1
Bühnenmeister,19.2571659265,0.91473448018,0,1
Büroinformationselektroniker,11.4381605553,0.953818827709,0,1
Büroleiter,70.9926383282,0.354166666667,0,1
Büromaschinenmechaniker,11.4381605553,0.910313901345,0,1
Bürovorsteher,94.3062952197,0.0451612903226,0,1
Calculator,35.7425929421,0.999608198597,0,1
Callcenteragent,60.0417870759,0.924927815207,0,1
Chefarzt,24.865650882,0.825168107589,0,1
Chefpilot,6.46539170954,0.984390035283,0,1
Chefredakteur,31.7397555715,0.622980251346,0,1
Chemielaborant,59.1680426246,0.673405909798,0,1
Chemielaborjungwerker,59.1680426246,0.839388145315,0,1
Chemigraf,44.0740740741,0.949748743719,0,1
Chemikant,26.7838353922,0.838016528926,0,1
Chemiker,14.1397849462,0.855050694705,0,1
Chemisch-Technischer Assistent,59.1680426246,0.413114754098,0,1
Clown,54.5454545455,0.992776186325,0,1
Conférencier,48.0295566502,0.999446519994,0,1
Croupier,18.8318693173,0.891891891892,0,1
Cutter (Film),26.5236833389,0.998206571879,0,1
Dachdecker,0.400729968205,0.993338054397,0,1
Datenbankadministrator,23.924239907,0.897503285151,0,1
Datenschutzbeauftragter,57.9327818764,0.233532934132,0,1
Datentechnischer Assistent,11.4381605553,0.652173913043,0,1
Datentypist,79.4443583916,0.309352517986,0,1
Datenverarbeitungskaufmann,25.5314765985,0.601884570082,0,1
Dekorvorlagenhersteller,50.1462693284,0.669341894061,0,1
Denkmaltechnischer Assistent,13.1957960296,0.55223880597,0,1
Designer,48.9152458611,0.994259514668,0,1
Desinfektor,13.1873479319,0.87375249501,0,1
Detektiv,14.3413873733,0.952277657267,0,1
Diamantschleifer,60.9995903318,0.976639712489,0,1
Dichter,47.7832512315,0.929184801788,0,1
Diener,93.6919095072,0.909610131612,0,1
Diplom-Handelslehrer,63.6176386302,0.5682382134,0,1
Dirigent,27.8372591006,0.914453259745,0,1
Disponent,21.3708058503,0.818181818182,0,1
Diätkoch,56.8326947637,0.485645933014,0,1
Dokumentar,62.5742942051,0.977669970521,0,1
Dolmetscher,69.8481848185,0.651773625778,0,1
Dompteur,41.5165165165,0.645390070922,0,1
Dozent,51.7249764431,0.418952618454,0,1
Drahtwarenmacher,12.937104197,0.856741573034,0,1
Dramatiker,51.4743851067,0.926745516978,0,1
Dramaturg,51.4743851067,0.853379879403,0,1
Drechsler,60.4,0.992335789351,0,1
Drehbuchautor,47.7832512315,0.642512077295,0,1
Edelmetallprüfer,19.3917391602,0.681908548708,0,1
Edelsteinfasser,60.9995903318,0.797752808989,0,1
Edelsteingraveur,60.9995903318,0.764705882353,0,1
Edelsteinschleifer,60.9995903318,0.835016835017,0,1
Einkäufer,49.0421123053,0.865021770682,0,1
Einrichtungsberater,56.4822153968,0.546275395034,0,1
Einsatzleiter,14.3865948534,0.873914376213,0,1
Elektroanlagenmonteur,3.41477678862,0.895762586741,0,1
Elektroingenieur,25.5998730188,0.958571945586,0,1
Elektroinstallateur,11.4381605553,0.98633736206,0,1
Elektromechaniker,25.5998730188,0.972549831023,0,1
Elektromechanikermeister,1.19304480264,0.986230636833,0,1
Elektromonteur,1.46126422781,0.981605351171,0,1
Elektroniker,25.5998730188,0.934855233853,0,1
Energieberater,41.0920869968,0.92918747163,0,1
Energieelektroniker,4.9236883504,0.946096223647,0,1
Ensembleleiter,27.8372591006,0.584307808374,0,1
Entwickler,12.2531548471,0.994959463152,0,1
Entwicklungshelfer,34.1637010676,0.762752792031,0,1
Erntehelfer,21.5765899789,0.915119363395,0,1
Erzieher,91.0178488053,0.388942774006,0,1
Estrichleger,0.557103064067,0.984324740633,0,1
Ethnologe,64.6258503401,0.186046511628,0,1
Euro-Fremdsprachenkorrespondent,89.5453170683,0.543859649123,0,1
Ewerführer,5.69221386461,0.940532081377,0,1
Expedient,37.0142226858,0.996801462189,0,1
Fachapotheker,83.8102088662,0.315453384419,0,1
Facharbeiter für Fertigungsmittel,3.10172465159,0.803278688525,0,1
Facharbeiter für Nachrichtentechnik,11.4381605553,0.955128205128,0,1
Facharzt,54.1590254126,0.548856548857,0,1
Fachberater für Finanzdienstleistungen,44.3380220021,0.766233766234,0,1
Fachinformatiker,16.2154269235,0.661721068249,0,1
Fachlagerist,24.9768310941,0.871091871092,0,1
Fachlehrer,63.6176386302,0.554347826087,0,1
Fachmann,71.6330078909,0.781443298969,0,1
Fachtierarzt,72.8797953964,0.500635862654,0,1
Fachverkäufer im Lebensmittelhandwerk,72.0206153296,0.399317406143,0,1
Fachverkäufer im Lebensmittelhandwerk (Fleischerei),92.3912445691,0.385579937304,0,1
Fachwirt,59.7982510844,0.69933396765,0,1
Fachzahnarzt,66.0346097202,0.388601036269,0,1
Fahrbahnmarkierer,2.21180663155,0.966386554622,0,1
Fahrlehrer,13.4048438238,0.884644573741,0,1
Fahrradmonteur,4.72055030095,0.923484046575,0,1
Fahrzeuginnenausstatter,44.4552466135,0.846607669617,0,1
Fahrzeuglackierer,6.22029488291,0.920438957476,0,1
Fallmanager,66.3964145433,0.543062200957,0,1
Fassadenmonteur,1.2849391531,0.816246896062,0,1
Federmacher,12.937104197,0.859022556391,0,1
Feinoptiker,42.1704511943,0.650902837489,0,1
Feinpolierer,6.28800778399,0.829694323144,0,1
Feintäschner,48.3291210334,0.896907216495,0,1
Feinwerkmechaniker,14.6782915793,0.930708999249,0,1
Feldwebel,43.2896890344,0.99863364188,0,1
Fernmeldehandwerker,11.4381605553,0.959183673469,0,1
Fertigungsmechaniker,21.0325537037,0.885121752301,0,1
Feuerungs- und Schornsteinbauer,1.2849391531,0.870229007634,0,1
Figurenkeramformer,16.735966736,0.653259361997,0,1
Film- und Videoeditor,26.5236833389,0.686316541622,0,1
Film- und Videolaborant,57.881773399,0.756097560976,0,1
Filmkopienfertiger,57.881773399,0.963636363636,0,1
Filmregisseur,50.9119332986,0.878619994963,0,1
Filmvorführer,16.156507852,0.823564239195,0,1
Finanzberater,44.3380220021,0.913996627319,0,1
Finanzmakler,44.3380220021,0.928205128205,0,1
Fischwirt,17.7215189873,0.868781930627,0,1
Flachglasmechaniker,22.984008166,0.887076537014,0,1
Flechtwerkgestalter,59.0717299578,0.7137196632,0,1
Fleischer,13.9570504204,0.996963680953,0,1
Flexograf,44.0740740741,0.836094939543,0,1
Flugbegleiter,78.2033652524,0.320552147239,0,1
Flugdienstberater,30.8085212408,0.945337620579,0,1
Fluggerätelektroniker,4.35011032889,0.917510853835,0,1
Fluggerätmechaniker,7.47075732134,0.930424291172,0,1
Flugingenieur,7.47075732134,0.93818753274,0,1
Fluglehrer,5.5737704918,0.922978831931,0,1
Fluglotse,30.8085212408,0.791798107256,0,1
Fondsmanager,44.3380220021,0.960018382353,0,1
Former,4.20514511873,0.999520714136,0,1
Formstecher,50.1462693284,0.999018485195,0,1
Forstfacharbeiter,5.09963399756,0.892271662763,0,1
Forstwirt,5.09963399756,0.873268058378,0,1
Fotograf,64.1671278362,0.920249113398,0,1
Fotogravurzeichner,50.1462693284,0.619402985075,0,1
Fotolaborant,57.881773399,0.281464530892,0,1
Fotomedienfachmann,39.4658181468,0.388684790595,0,1
Fotomedienlaborant,57.881773399,0.339285714286,0,1
Fraud-Analyst,16.5119285462,0.998173992435,0,1
Fremdenführer,58.0346820809,0.675698207586,0,1
Friseur,91.9347511287,0.907918968692,0,1
Funkelektroniker,11.4381605553,0.906371911573,0,1
Funker,45.3608247423,0.997006774743,0,1
Futtermeister,31.1584553928,0.904761904762,0,1
Fußballtrainer,7.80452224654,0.966685033696,0,1
Färber,43.0767459267,0.970854988281,0,1
Förderlehrer,76.2119908204,0.181166837257,0,1
Fördermaschinist,7.26492128967,0.943548387097,0,1
Förster,5.09963399756,0.977981538839,0,1
Galerist,70.4447632712,0.563909774436,0,1
Galvaniseur,12.6353874883,0.900610287707,0,1
Gardemanger,55.289532294,0.999378431576,0,1
Gartenbaufachwerker,21.8356761854,0.894230769231,0,1
Gastwirt,46.9442078365,0.831166062673,0,1
Gebäudereiniger,61.5522574535,0.93583918491,0,1
Gefahrgutbeauftragter,13.8408304498,0.0600112170499,0,1
Gehilfe,76.2525479477,0.550387596899,0,1
Geigenbauer,29.8076923077,0.901108269395,0,1
Gelbgießer,4.20514511873,0.993846153846,0,1
Geograph,42.5909494232,0.977785233714,0,1
Geologe,30.4119850187,0.7056,0,1
Geomatiker,47.4680548982,0.69801980198,0,1
Geprüfter Logistikmeister,10.4299504862,0.892498292849,0,1
Geprüfter Technischer Betriebswirt,62.1600224791,0.902993734045,0,1
Gerichtsvollzieher,27.2030651341,0.867293849334,0,1
Gerätezusammensetzer,21.0325537037,0.890025575448,0,1
Gerüstbauer,0.170745589072,0.984011203828,0,1
Gestaltungs- und medientechnischer Assistent,57.881773399,0.28813559322,0,1
Gestaltungstechnischer Assistent,34.9566605839,0.152542372881,0,1
Gesundheits- und Krankenpflegehelfer,84.9596721778,0.756713037852,0,1
Gesundheits- und Krankenpfleger,84.9596721778,0.495477386935,0,1
Gewässerschutzbeauftragter,26.1261261261,0.136929460581,0,1
Glasapparatebauer,21.9696969697,0.751336898396,0,1
Glasbläser,27.8772378517,0.899340922708,0,1
Glaser,3.06442138242,0.998439574579,0,1
Glasmacher,17.5054582097,0.982474675284,0,1
Glasschneider,22.984008166,0.999666722213,0,1
Glasveredler,22.984008166,0.74689193497,0,1
Gleichstellungsbeauftragte,32.0429252782,-0.957971136805,1,1
Gleisbauer,0.642715886618,0.923895462671,0,1
Goldschläger,60.9995903318,0.997067926372,0,1
Goldschmied,60.9995903318,0.940503432494,0,1
Grafiker,48.9152458611,0.795407098121,0,1
Graveur,26.9543973941,0.997813925128,0,1
Gruppenleiter,25.9924816691,0.620057859209,0,1
Gärtner,21.8356761854,0.701466781708,0,1
Gürtler,14.0532544379,0.99887832727,0,1
Hafenarbeiter,24.9768310941,0.987432412684,0,1
Hafenschiffer,5.69221386461,0.792642140468,0,1
Handelsfachwirt,49.2979461483,0.792807300054,0,1
Handelsvertreter,34.1969853683,0.941627504328,0,1
Handschuhmacher,48.3291210334,0.892573900505,0,1
Handwerksmeister,7.61356849122,0.965373905323,0,1
Handzuginstrumentenmacher,33.0882352941,0.906950028719,0,1
Haus- und Familienpfleger,81.0310203384,0.572212065814,0,1
Haushälterin,93.6919095072,-0.807228915663,1,1
Hauslehrer,75.0819356083,0.787982413288,0,1
Hausmeister,6.86331637035,0.934512608205,0,1
Haustechniker,6.86331637035,0.945583302274,0,1
Hebamme,99.8431372549,-0.908827044562,1,1
Heilgehilfe,84.9596721778,0.796875,0,1
Heilpraktiker,76.6557645135,0.599147121535,0,1
Heizer,12.501779731,0.994297010304,0,1
Historiker,49.6703296703,0.832309360318,0,1
Hochbaufacharbeiter,2.24141793831,0.906492648274,0,1
Holz- und Bautenschützer,1.22249388753,0.902813299233,0,1
Holzbearbeitungsmechaniker,11.5013019049,0.9256381798,0,1
Holzblasinstrumentenmacher,29.4294294294,0.845556095192,0,1
Holzfäller,5.09963399756,0.989187144366,0,1
Holzmechaniker,6.89245395128,0.892493638677,0,1
Holzspielzeugmacher,60.4,0.924603174603,0,1
Holztechniker,11.5013019049,0.915865151074,0,1
Honorarprofessor,42.812488391,0.834666666667,0,1
Hoteldiener,79.2351889413,0.944121071013,0,1
Hotelkaufmann,71.6330078909,0.250909090909,0,1
Hotelmeister,66.5682062299,0.560857258391,0,1
Humorist,54.5454545455,0.990159359624,0,1
Hundeführer,37.7005047672,0.85002895194,0,1
Hörgeräteakustiker,66.1900571931,0.951318458418,0,1
IT-Berater,19.8526233052,0.93930938263,0,1
IT-Systemkaufmann,21.9930782724,0.805186849091,0,1
Illusionist,19.2592592593,0.99785970377,0,1
Imker,28.5714285714,0.938721204288,0,1
Immissionsschutzbeauftragter,26.1261261261,0.565778853914,0,1
Immobilienkaufmann,57.0449103969,0.304635761589,0,1
Immobilienmakler,57.0449103969,0.924528301887,0,1
Industrie-Isolierer,1.2101210121,0.865778200857,0,1
Industrieelektriker,4.9236883504,0.94282984314,0,1
Industrieelektroniker,4.9236883504,0.956879383496,0,1
Industriekaufmann,62.1600224791,0.29392971246,0,1
Industriekeramiker Anlagentechnik,25.5032397408,0.623376623377,0,1
Industriekeramiker Dekorationstechnik,75.4844144903,0.529411764706,0,1
Industriekeramiker Modelltechnik,16.735966736,0.539033457249,0,1
Industriekeramiker Verfahrenstechnik,25.5032397408,0.60625,0,1
Industriemechaniker,13.3411949814,0.928468850441,0,1
Industriemeister,7.61356849122,0.928484107579,0,1
Industrietechnologe,11.4381605553,0.78100863244,0,1
Informatiker,16.2154269235,0.877667140825,0,1
Informatikkaufmann,25.5314765985,0.611971646101,0,1
Informationselektroniker,11.4381605553,0.932181701855,0,1
Informationstechnischer Assistent,11.4381605553,0.856209150327,0,1
Ingenieur,7.47075732134,0.962784480636,0,1
Ingenieurpädagoge,63.6176386302,0.0989010989011,0,1
Inspektor,16.2258392675,0.985070760826,0,1
Installateur,3.41477678862,0.9983847253,0,1
Intendant,40.1872883044,0.847076461769,0,1
Investmentfondskaufmann,44.3380220021,0.804629266379,0,1
Isolierfacharbeiter,1.2101210121,0.841726618705,0,1
Journalist,50.5608415413,0.948460087995,0,1
Jurist,57.9327818764,0.852331606218,0,1
Justizfachwirt,93.3804860355,0.178947368421,0,1
Justiziar,57.9327818764,0.549783549784,0,1
Justizwachtmeister,33.389261745,0.72602739726,0,1
Juwelier,60.9995903318,0.998079623473,0,1
Jäger,9.27835051546,0.959803185723,0,1
Kabeljungwerker,10.2560891616,0.912720519963,0,1
Kaffeeröster,39.4550784618,0.947314975211,0,1
Kameramann,16.156507852,0.81592039801,0,1
Kanalbauer,0.544182430682,0.910369643441,0,1
Kanalsteurer,5.69221386461,0.988439306358,0,1
Kapitän,4.49203447375,0.96463654224,0,1
Karosserie- und Fahrzeugbaumechaniker,3.97341840672,0.894353369763,0,1
Kartograf,47.4680548982,0.937673557544,0,1
Kassierer,59.7982510844,0.210702341137,0,1
Kastellan,27.9733089101,0.66149870801,0,1
Kaufmann für Tourismus und Freizeit,82.1267850182,0.135225375626,0,1
Kaufmann für Verkehrsservice,54.3373493976,0.510288065844,0,1
Kaufmannsgehilfe,71.6330078909,0.65611814346,0,1
Kellermeister,4.35766836446,0.953559777394,0,1
Kellner,65.2648305355,0.714708056171,0,1
Keramiker,25.7394587791,0.681034482759,0,1
Kernmacher,4.20514511873,0.940357852883,0,1
Kesselwärter,12.501779731,0.978021978022,0,1
Kettenschmied,60.9995903318,0.857142857143,0,1
Kfz-Mechatroniker,3.97341840672,0.940639269406,0,1
Kinder- und Jugendlichenpsychotherapeut,78.1458251666,0.058495821727,0,1
Klassenlehrer,70.4238331399,0.0691244239631,0,1
Klavier- und Cembalobauer,16.3310961969,0.885207652823,0,1
Klavierbauer,16.3310961969,0.942557502086,0,1
Klavierstimmer,16.3310961969,0.96613872201,0,1
Klebfachingenieur,20.1141507577,0.91884057971,0,1
Klempner,1.24864495925,0.997392461817,0,1
Koch,52.9232533486,0.948092234516,0,1
Komiker,54.5454545455,0.74875484228,0,1
Kommunikationselektroniker,11.4381605553,0.936376210235,0,1
Kommunikationswirt,54.6682417799,0.20186697783,0,1
Komparse,41.5165165165,0.646464646465,0,1
Komponist,31.8181818182,0.88298778756,0,1
Konservator,45.4646222058,0.905441570027,0,1
Konstrukteur,12.2194707453,0.941326862244,0,1
Konstruktionsmechaniker,2.2858399983,0.928934010152,0,1
Kopfschlächter,13.9570504204,0.993055555556,0,1
Kopierfräser,2.73770282356,0.999264976112,0,1
Korbmacher,59.0717299578,0.944076770351,0,1
Korrektor,76.9957343083,0.933139534884,0,1
Korrepetitor,35.5086372361,0.615894039735,0,1
Kraftfahrer,24.9768310941,0.980198019802,0,1
Kraftwerker,6.16331126919,0.964579901153,0,1
Kriminologe,48.3720930233,0.525809273841,0,1
Kunsthistoriker,67.3256247669,0.338867924528,0,1
Kunstkritiker,50.5608415413,0.718822979916,0,1
Kunstschmied,14.0532544379,0.969464269582,0,1
Kunststoffformgeber,26.7465962203,0.937282229965,0,1
Kupferschmied,3.29425467804,0.979742173112,0,1
Kupferstecher,48.7741935484,0.975149265774,0,1
Kurator,67.3256247669,0.743709771796,0,1
Kutscher,15.3005464481,0.985175636481,0,1
Küchenchef,18.02864773,0.911652703732,0,1
Küchenmeister,18.02864773,0.95276840643,0,1
Künstler,54.5947166403,0.794325077907,0,1
Künstlerischer Leiter,40.1872883044,0.583333333333,0,1
Küper,14.3576367827,0.999142282189,0,1
Kürschner,65.6862745098,0.977822214143,0,1
Küster,67.8608515057,0.831815747188,0,1
Laborant,59.1680426246,0.69133192389,0,1
Lacklaborant,45.6225127914,0.646788990826,0,1
Lagerhalter,24.9768310941,0.981123259508,0,1
Landarbeiter,21.5765899789,0.920255183413,0,1
Landmaschinenmechaniker,0.488489461042,0.964383153926,0,1
Landschaftsarchitekt,13.8494826824,0.556085918854,0,1
Landwirt,21.5765899789,0.947547353084,0,1
Lebensmittelchemiker,45.3470549595,0.620185922975,0,1
Lebensmittelkontrolleur,35.3913466213,0.807817589577,0,1
Lehrer,70.4238331399,0.590604026846,0,1
Lehrrettungsassistent,63.6176386302,0.840818141396,0,1
Leichtflugzeugbauer,7.47075732134,0.744877726371,0,1
Lektor,72.8127671701,0.937646356582,0,1
Leuchtröhrenglasbläser,26.8707482993,0.813780260708,0,1
Lichtgestalter,12.5905136121,0.931875953228,0,1
Liedermacher,48.1166205576,0.878855860909,0,1
Listbroker,60.5296610169,0.993355481728,0,1
Literat,47.7832512315,0.958140352934,0,1
Literaturagent,60.5296610169,0.255172413793,0,1
Lotse,6.25990491284,0.940322843633,0,1
Luftverkehrskaufmann,35.0604490501,0.370473537604,0,1
Makler,39.2475851551,0.949072618673,0,1
Maler und Lackierer,5.53319493285,0.976098616731,0,1
Manager,21.1018907961,0.995921378054,0,1
Maschinen- und Anlagenführer,12.501779731,0.94217751629,0,1
Maschinenbauingenieur,9.54682779456,0.923859343214,0,1
Maschinenbautechniker,13.3411949814,0.952965235174,0,1
Maschinenführer,12.501779731,0.942365865308,0,1
Maschinenzusammensetzer,21.0325537037,0.862567811935,0,1
Maskenbildner,90.6659674882,0.247524752475,0,1
Masseur und medizinischer Bademeister,77.4982405505,0.542954490144,0,1
Mathematiker,34.0704906704,0.911314984709,0,1
Mathematisch-Technischer Assistent,12.3967931919,0.258409785933,0,1
Mathematisch-technischer Softwareentwickler,12.3967931919,0.81946403385,0,1
Matrose,3.8146208153,0.739750445633,0,1
Maurer,0.209680237638,0.997601519264,0,1
Maßschneider,84.4050647718,0.663572224285,0,1
Mechaniker,13.3411949814,0.958006470302,0,1
Mechatroniker,6.22845803015,0.915820029028,0,1
Mediaberater,54.6682417799,0.819945673263,0,1
Medienfachwirt,65.0971858153,0.149732620321,0,1
Mediengestalter,50.1462693284,0.699819168174,0,1
Medienkaufmann Digital und Print,65.0971858153,0.212636695018,0,1
Medientechnologe Druck,22.5987478195,0.730860675226,0,1
Medientechnologe Druckverarbeitung,36.6999465145,0.665850073493,0,1
Medientechnologe Siebdruck,22.5987478195,0.460213289582,0,1
Medizinischer Dokumentar,85.1895119418,0.162051747617,0,1
Medizinischer Dokumentationsassistent,85.1895119418,0.267605633803,0,1
Medizinphysiker,13.6886395512,0.792580557812,0,1
Messerschmied,3.10172465159,0.980669932477,0,1
Metall- und Glockengießer,4.20514511873,0.877767936227,0,1
Metallbildner,14.0532544379,0.892531260561,0,1
Metallblasinstrumentenmacher,16.6666666667,0.927236971485,0,1
Metallschleifer,6.28800778399,0.932952924394,0,1
Metallverformer,4.20514511873,0.97906755471,0,1
Mikrotechnologe,28.2151300236,0.632047477745,0,1
Missionar,67.8608515057,0.896463352127,0,1
Mitarbeiter,34.1969853683,0.879263740507,0,1
Modenäher,84.4050647718,0.415448851775,0,1
Moderator (Beruf),48.0295566502,0.968157452596,0,1
Modeschneider,84.4050647718,0.251655629139,0,1
Modist,84.4050647718,0.640278657378,0,1
Musikalienhändler,33.5901386749,0.86395286556,0,1
Musiker,37.9399437331,0.887385970431,0,1
Musikfachhändler,33.5901386749,0.817338896616,0,1
Musikverleger,32.6357466063,0.962504986039,0,1
Mühlenbauer,3.68870499164,0.980198019802,0,1
Müller,3.44827586207,0.992671579727,0,1
Nachrichtengerätemechaniker,11.4381605553,0.915966386555,0,1
Nachtportier,79.2351889413,0.995518087717,0,1
Naturwerksteinmechaniker,4.23446184942,0.865745310958,0,1
Nautischer Offiziersassistent,3.8146208153,0.814814814815,0,1
Netzelektriker,4.9236883504,0.970301311932,0,1
Notar,48.031496063,0.984729465091,0,1
Notenstecher,50.1462693284,0.906896551724,0,1
Notfallsanitäter,21.3708058503,0.879576891782,0,1
Ofenbauer,1.59872102318,0.984379980873,0,1
Offizier,43.2896890344,0.967968177536,0,1
Online-Redakteur,50.5608415413,0.491338582677,0,1
Operationstechnischer Assistent,77.7285201604,0.282336578581,0,1
Orchesterwart,12.5905136121,0.978947368421,0,1
Orgel- und Harmoniumbauer,9.93690851735,0.899529042386,0,1
Orgelbauer,9.93690851735,0.98239514757,0,1
Orientalist,53.3333333333,0.990648101108,0,1
Orthopädietechnik-Mechaniker,29.4536817102,0.830282861897,0,1
Packmitteltechnologe,17.5711352303,0.851936740775,0,1
Pantomime,41.5165165165,0.996959800855,0,1
Papiertechnologe,5.19575856444,0.744711195626,0,1
Pastoralreferent,30.0088759784,0.25,0,1
Patentanwalt (Deutschland),46.2251399884,0.900467063939,0,1
Patentingenieur,19.2801844836,0.819641423602,0,1
Pelzveredler,65.6862745098,0.799621928166,0,1
Personaldienstleistungskaufmann,66.3964145433,0.396866840731,0,1
Personaldisponent,66.3964145433,0.337997376476,0,1
Personalreferent,66.3964145433,0.441002949853,0,1
Pfarrer,30.0088759784,0.789401238816,0,1
Pferdewirt,60.9494015234,0.394957983193,0,1
Pflasterer,0.528109028961,0.916763740337,0,1
Pförtner,31.0871031175,0.952755905512,0,1
Pharmakant,26.7838353922,0.773940345369,0,1
Pharmareferent,57.8807706289,0.374722838137,0,1
Pharmazeut,83.8102088662,0.533718689788,0,1
Pharmazieingenieur,26.7838353922,0.0698466780239,0,1
Philosoph,54.4837441944,0.869728209934,0,1
Physikalisch-technischer Assistent,32.4723846654,0.530593607306,0,1
Physiker,16.2575709276,0.889858561541,0,1
Physikingenieur,32.4723846654,0.891045710708,0,1
Physiklaborant,32.4723846654,0.702127659574,0,1
Physiotherapeut,77.4982405505,0.601907032181,0,1
Pilot,6.46539170954,0.996156162101,0,1
Platzwart,7.74886392866,0.98976001553,0,1
Poissonnier,37.0960187354,0.999964602396,0,1
Polier,1.0979692033,0.988797051472,0,1
Polizeivollzugsbeamter,52.8379772962,0.62494095418,0,1
Polster- und Dekorationsnäher,54.8604292327,0.747652102899,0,1
Portier,79.2351889413,0.988911139265,0,1
Porzellanmaler,75.4844144903,0.659050966608,0,1
Postjungbote,47.8940392206,0.873873873874,0,1
Pressefotograf,64.1671278362,0.886632825719,0,1
Pressesprecher,65.267451247,0.471428571429,0,1
Prior,62.5711035267,0.997362525282,0,1
Privatdozent,42.812488391,0.75797579758,0,1
Produktgestalter Textil,84.0716305372,0.351778656126,0,1
Produktionstechnologe,15.718731148,0.770966368668,0,1
Produktprüfer Textil,34.0723731095,0.456869009585,0,1
Produktveredler Textil,20.9806780897,0.483992467043,0,1
Professor,42.812488391,0.991310644461,0,1
Projektleiter,25.9924816691,0.680705190989,0,1
Prorektor,29.7738693467,0.891945906335,0,1
Prozessleitelektroniker,6.35842667361,0.92007992008,0,1
Präparator,51.5706806283,0.827888878834,0,1
Präsident,29.7738693467,0.786259541985,0,1
Psychoanalytiker,78.1458251666,0.569985569986,0,1
Psychologe,77.9567882775,0.469456066946,0,1
Psychologischer Psychotherapeut,78.1458251666,0.0561797752809,0,1
Purser,78.2033652524,0.991985516217,0,1
Pyrotechniker,5.76271186441,0.962833914053,0,1
Pädagoge,74.5593544277,0.00361010830325,0,1
Qualitätsfachmann,27.7924731183,0.770956316411,0,1
Rabbiner,30.0088759784,0.907028399175,0,1
Ramp Agent,30.8085212408,0.997089262613,0,1
Rauchwarenzurichter,65.6862745098,0.582089552239,0,1
Raumausstatter,40.0455860437,0.972842964136,0,1
Reaktorfahrer,6.16331126919,0.967611336032,0,1
Rechtsanwalt,46.2251399884,0.625492302184,0,1
Rechtspfleger,93.3804860355,0.579250720461,0,1
Redakteur,50.5608415413,0.599518941672,0,1
Redenschreiber,47.7832512315,0.903157060019,0,1
Referent,46.213592233,0.653501843075,0,1
Regieassistent,50.9119332986,0.313131313131,0,1
Regisseur,50.9119332986,0.798520204895,0,1
Registrator,67.26062468,0.998288821641,0,1
Reiseleiter,58.0346820809,0.663019693654,0,1
Rektor,29.7738693467,0.926798847361,0,1
Religionslehrer,77.6637554585,0.459807073955,0,1
Rentenberater,44.3380220021,0.838407494145,0,1
Reporter,50.5608415413,0.9872502582,0,1
Reprograf,50.1462693284,0.933848104183,0,1
Requisiteur,64.7788736876,0.413373860182,0,1
Restaurantfachmann,65.2648305355,0.179874213836,0,1
Restaurantmeister,46.9442078365,0.667337897704,0,1
Restaurator,2.2858399983,0.72619047619,0,1
Rettungsassistent,21.3708058503,0.750595710882,0,1
Rettungshelfer,21.3708058503,0.944294421727,0,1
Rettungssanitäter,21.3708058503,0.878928987194,0,1
Rettungsschwimmer,39.2836746349,0.912547035163,0,1
Revierjäger,9.27835051546,0.867870722433,0,1
Revolverdreher,2.73770282356,0.890909090909,0,1
Richter,38.4615384615,0.956745623069,0,1
Rohrleitungsbauer,0.269944765148,0.923404255319,0,1
Rotisseur,37.0960187354,0.99772985244,0,1
Saaldiener,58.3260838046,0.935483870968,0,1
Sachbearbeiter,62.1600224791,0.468549422336,0,1
Sattler,48.3291210334,0.985128027568,0,1
Saunameister,70.7986541526,0.828870019595,0,1
Schalungsbauer,0.723795907426,0.669595782074,0,1
Schauspieler,44.0665569574,0.287179487179,0,1
Schausteller,18.8318693173,0.96671709531,0,1
Schauwerbegestalter,79.2024013722,0.332247557003,0,1
Scherer,20.9806780897,0.999667702279,0,1
Schiffbauingenieur,6.19822907741,0.948618516723,0,1
Schifffahrtskaufmann,42.1270978691,0.458733205374,0,1
Schiffsbetriebsoffizier,4.49203447375,0.953125,0,1
Schiffsingenieur,3.8146208153,0.978021978022,0,1
Schiffsmakler,42.1270978691,0.981960312688,0,1
Schiffsmechaniker,6.19822907741,0.797752808989,0,1
Schiffszimmerer,1.21315420092,0.930215293244,0,1
Schilder- und Lichtreklamehersteller,34.2415730337,0.820901902116,0,1
Schirmmacher,54.8604292327,0.921487603306,0,1
Schlafwagenschaffner,54.3373493976,0.920792079208,0,1
Schleifer,6.28800778399,0.997238142634,0,1
Schleusenwärter,7.47126436782,0.883389261745,0,1
Schmied,2.2858399983,0.984790464376,0,1
Schneider,84.4050647718,0.989530273313,0,1
Schneidwerkzeugmechaniker,3.10172465159,0.987413050679,0,1
Schnellzeichner,48.7741935484,0.9456625838,0,1
Schornsteinfeger,8.08986148295,0.984126984127,0,1
Schriftdolmetscher,69.8481848185,0.628686327078,0,1
Schriftgießer,4.20514511873,0.969407265774,0,1
Schriftsetzer,50.1462693284,0.803687095167,0,1
Schriftsteller,47.7832512315,0.659071729958,0,1
Schuh- und Lederwarenstepper,37.8797535585,0.774294670846,0,1
Schuhfertiger,37.8797535585,0.656957928803,0,1
Schuhmacher,37.8797535585,0.992811501597,0,1
Schweißer,26.7465962203,0.965647102048,0,1
Schwesternhelferin,84.9596721778,-0.252204585538,1,1
Schwimmmeister,14.3865948534,0.808035714286,0,1
Seegüterkontrolleur,14.3576367827,0.89400921659,0,1
Segellehrer,47.4358974359,0.876375952583,0,1
Segelmacher,54.8604292327,0.965519177851,0,1
Servicefahrer,10.9479201806,0.812104572042,0,1
Sicherheitsbeauftragter,13.1710869017,0.184668989547,0,1
Skipper,4.49203447375,0.998066595754,0,1
Social-Media-Manager,54.6682417799,0.980972240323,0,1
Softwareentwickler,12.3967931919,0.991208626066,0,1
Soldat,43.2896890344,0.974652640649,0,1
Sommelier,64.7840765227,0.943544655252,0,1
Sonnenschutztechniker,2.22108756702,0.95,0,1
Souffleur,60.3174603175,0.713870733479,0,1
Sozialassistent,81.0310203384,0.181818181818,0,1
Sozialmanager,86.944437789,0.199255121043,0,1
Soziologe,60.7961399276,0.387050359712,0,1
Sparkassenkaufmann,59.7982510844,0.421947449768,0,1
Speiseeishersteller,19.3915241058,0.871315047424,0,1
Spezialtiefbauer,2.56153858974,0.899012074643,0,1
Spielzeughersteller,60.4,0.98553583169,0,1
Sport- und Fitnesskaufmann,45.0848688391,0.472527472527,0,1
Sportfachmann,45.0848688391,0.433778857837,0,1
Sportlehrer,44.6119065561,0.535181236674,0,1
Sprachmittler,69.8481848185,0.68112244898,0,1
Staatsanwalt,75.0484007466,0.722912966252,0,1
Stallmeister,67.2918572736,0.969743121129,0,1
Stanz- und Umformmechaniker,12.937104197,0.855166802278,0,1
Stationsarzt,57.2999620781,0.544172234595,0,1
Steinbildhauer,38.6581469649,0.850311850312,0,1
Steinhauer,5.44459089527,0.9,0,1
Steinmetz,38.6581469649,0.994972239773,0,1
Steuerberater,76.2525479477,0.835820895522,0,1
Steuermann,4.49203447375,0.804043545879,0,1
Stoffprüfer,59.1680426246,0.843098311817,0,1
Strahlenschutzbeauftragter,8.21409644939,0.133220910624,0,1
Straßenbauer,0.528109028961,0.964346841509,0,1
Straßenreiniger,6.25302705321,0.926174496644,0,1
Straßenwärter,2.21180663155,0.808261886204,0,1
Strohdecker,0.400729968205,0.872146118721,0,1
Stuckateur,0.919488674591,0.980335905078,0,1
Stuntman,41.5165165165,0.892034464568,0,1
Synchronsprecher,44.0665569574,0.682242990654,0,1
Syndikus,46.2251399884,0.754985754986,0,1
Systemelektroniker,11.4381605553,0.907894736842,0,1
Systeminformatiker,11.4381605553,0.830269847478,0,1
Systemprogrammierer,12.3967931919,0.888553390063,0,1
Sänger,48.1166205576,0.223367697595,0,1
Süßwarentechnologe,57.6938758868,0.736162361624,0,1
Tanzlehrer,67.9136690647,0.406369426752,0,1
Tapezierer,5.53319493285,0.971710244321,0,1
Teamleiter,25.9924816691,0.722488038278,0,1
Technischer Assistent,39.2857142857,0.0280777537797,0,1
Technischer Fachwirt,62.1600224791,0.841029832448,0,1
Technischer Konfektionär,54.8604292327,0.654846335697,0,1
Technischer Modellbauer,10.0019805902,0.793977812995,0,1
Technischer Produktdesigner,55.2902652383,0.816911250874,0,1
Technischer Redakteur,50.5608415413,0.694915254237,0,1
Technischer Systemplaner,55.2902652383,0.673960612691,0,1
Technischer Zeichner,55.2902652383,0.698743438842,0,1
Teilezurichter,18.4493427603,0.914551879216,0,1
Telefonist,79.4443583916,0.767337807606,0,1
Testpilot,6.46539170954,0.953804347826,0,1
Textillaborant,59.1680426246,0.699650756694,0,1
Textilreiniger,83.7570295047,0.928311113161,0,1
Theologe,30.0088759784,0.626585045912,0,1
Thermometermacher,21.9696969697,0.80412371134,0,1
Tiefbaufacharbeiter,2.56153858974,0.911748603964,0,1
Tiefbauingenieur,2.56153858974,0.861252115059,0,1
Tierarzt,72.8797953964,0.728571428571,0,1
Tierheilpraktiker,73.8573730179,0.415441176471,0,1
Tierpfleger,46.9706787624,0.508313539192,0,1
Tierwirt,43.2111947848,0.814977973568,0,1
Tischler,3.90146033877,0.980405731428,0,1
Tonassistent,26.5236833389,0.830161054173,0,1
Toningenieur,26.5236833389,0.952489424016,0,1
Tonmeister,26.5236833389,0.943141043334,0,1
Tontechniker,26.5236833389,0.912536443149,0,1
Tourismuskaufmann,82.1267850182,0.0564459930314,0,1
Touristikassistent,82.1267850182,0.146376125059,0,1
Treuhänder,38.28113879,0.836717499368,0,1
Trockenbaumonteur,1.37884208602,0.925013989927,0,1
Tunnelwärter,2.21180663155,0.98904109589,0,1
Täschner,48.3291210334,0.95572456879,0,1
Tätowierer,41.125,0.899518238128,0,1
Uhrmacher,31.7169069463,0.98601562959,0,1
Umweltgutachter,41.0920869968,0.900943396226,0,1
Umweltschutztechnischer Assistent,31.4682116176,0.336617405583,0,1
Unternehmensberater,26.911058483,0.893772893773,0,1
Veranstaltungskaufmann,58.3260838046,0.146529562982,0,1
Vergolder,12.6353874883,0.789819376026,0,1
Verkaufsgärtner,40.2721885991,0.797413793103,0,1
Verkehrsplaner,26.3961430293,0.93692575118,0,1
Verkäufer,74.4604823678,0.891818428921,0,1
Verlagskaufmann,65.0971858153,0.261663286004,0,1
Verleger,34.1969853683,0.867529880478,0,1
Vermessungstechniker,27.0417875979,0.737604212374,0,1
Verpackungsmittelmechaniker,17.5711352303,0.816431322208,0,1
Versicherungsberater,53.568518232,0.923758865248,0,1
Versicherungsfachmann,53.568518232,0.610134859011,0,1
Versicherungsvertreter,53.568518232,0.969456564855,0,1
Vertriebsingenieur,34.1969853683,0.957555799488,0,1
Verwaltungsbetriebswirt (HVSV),74.1246797609,0.303303303303,0,1
Veterinäringenieur,87.6854599407,0.638655462185,0,1
Videojournalist,50.5608415413,0.991355705913,0,1
Vizepräsident,29.7738693467,0.573283858998,0,1
Volkswirt,45.1293759513,0.787974683544,0,1
Vollziehungsbeamter,27.2030651341,0.778290993072,0,1
Vorarbeiter,6.22029488291,0.917733587578,0,1
Wachleiter,14.3865948534,0.961206896552,0,1
Wachszieher,71.2530712531,0.844660194175,0,1
Wasserbauer,6.43323607058,0.967213114754,0,1
Wassermeister,2.55758807588,0.976725649609,0,1
Webdesigner,48.9152458611,0.983589011773,0,1
Weber,34.0723731095,0.997878964113,0,1
Weinhandelsküfer,12.1335504886,0.822222222222,0,1
Weinküfer,12.1335504886,0.685695097381,0,1
Werbeleiter,39.301264773,0.670212765957,0,1
Werbetexter,54.6682417799,0.583333333333,0,1
Werkfeuerwehrmann,3.44094865995,0.798816568047,0,1
Werkpolier,1.0979692033,0.900237529691,0,1
Werkschutz,14.3865948534,0.89898989899,0,1
Werkstoffprüfer,19.3917391602,0.840490797546,0,1
Werkzeugmacher,3.10172465159,0.963692150345,0,1
Werkzeugmechaniker,3.10172465159,0.90332326284,0,1
Wildhüter,9.27835051546,0.979797979798,0,1
Winzer,18.034026465,0.953348382242,0,1
Wirtschaftsassistent,79.0444149597,0.221445221445,0,1
Wirtschaftsfachwirt,62.1600224791,0.701308698999,0,1
Wirtschaftsjurist,57.9327818764,0.525179856115,0,1
Wirtschaftsprüfer,38.28113879,0.951365956169,0,1
Wissenschaftlicher Mitarbeiter,42.812488391,0.229813664596,0,1
Wächter,31.0871031175,0.957072840967,0,1
"Wärme-, Kälte- und Schallschutzisolierer",1.2101210121,0.923489452985,0,1
Yogalehrer,57.8800147221,0.0520547945205,0,1
Zahlmeister,31.3624678663,0.965475987011,0,1
Zahnarzt,66.0346097202,0.812807881773,0,1
Zahntechniker,60.2778057373,0.806451612903,0,1
Zauberer,19.2592592593,0.812895501967,0,1
Zerspanungsmechaniker,2.73770282356,0.939355653822,0,1
Zimmerer,1.21315420092,0.961630991302,0,1
Zimmerpolier,2.22108756702,0.965065502183,0,1
Zinngießer,4.20514511873,0.976265439574,0,1
Zoologe,46.332046332,0.730182926829,0,1
Zootechniker,43.2111947848,0.600377002828,0,1
Zupfinstrumentenmacher,29.8076923077,0.883259911894,0,1
Zuschneider,84.4050647718,0.76682464455,0,1
Zusteller,47.8940392206,0.985839233653,0,1
Zweiradmechaniker,4.72055030095,0.957497431461,0,1
Änderungsschneider,84.4050647718,0.561904761905,0,1
Übersetzer,69.8481848185,0.76167778837,0,1
